humidity,temperature,wind_speed,AQI
67.034810, 18.751416, 10.802766, 145
71.571283, 36.131434, 15.143390, 153
64.464565, 14.971542, 17.263422, 84
65.749784, 32.853189, 4.486434, 111
69.673305, 3.878439, 4.836292, 77
76.143105, 10.664407, 19.102326, 223
35.744495, 39.868586, 1.159672, 278
91.122952, 5.053207, 17.658671, 246
24.450338, 37.436882, 11.747994, 141
64.815754, 10.941355, 0.967135, 89
91.244156, 2.484197, 9.267129, 245
53.547600, 18.848849, 7.345808, 164
44.018320, 9.746747, 18.178043, 54
14.120610, 13.565735, 11.917647, 201
25.879542, 18.813408, 11.648108, 202
71.957498, 37.416021, 19.261588, 296
80.277791, 26.799400, 1.693108, 297
58.868989, 13.518475, 18.395993, 160
23.505337, 19.255206, 15.543440, 159
38.739385, 4.378772, 6.718311, 106
82.322421, 7.209711, 1.139660, 183
82.848814, 22.201175, 0.010139, 64
89.115175, 1.503607, 17.266767, 40
57.308847, 14.056930, 3.111348, 127
65.980901, 18.739933, 1.036425, 56
78.112392, 12.897331, 15.236265, 146
63.643359, 8.833091, 12.419446, 288
83.724032, 16.974600, 17.853477, 204
48.937788, 22.733509, 13.518947, 145
83.594794, 6.217027, 1.716664, 211
91.244156, 2.484197, 9.267129, 245
53.547600, 18.848849, 7.345808, 164
44.018320, 9.746747, 18.178043, 54
14.120610, 13.565735, 11.917647, 201
25.879542, 18.813408, 11.648108, 202
71.957498, 37.416021, 19.261588, 296
80.277791, 26.799400, 1.693108, 297
58.868989, 13.518475, 18.395993, 160
23.505337, 19.255206, 15.543440, 159
38.739385, 4.378772, 6.718311, 106
82.322421, 7.209711, 1.139660, 183
82.848814, 22.201175, 0.010139, 64
89.115175, 1.503607, 17.266767, 40
57.308847, 14.056930, 3.111348, 127
65.980901, 18.739933, 1.036425, 56
78.112392, 12.897331, 15.236265, 146
63.643359, 8.833091, 12.419446, 288
83.724032, 16.974600, 17.853477, 204
48.937788, 22.733509, 13.518947, 145
83.594794, 6.217027, 1.716664, 211
79.453284, 31.513649, 19.098479, 293
57.288442, 11.682408, 16.724829, 134
26.708527, 3.169036, 9.273946, 122
59.085202, 17.292335, 3.816046, 238
42.557343, 27.477339, 9.619123, 149
31.392581, 14.406059, 17.592715, 132
66.101105, 6.908117, 12.877351, 181
50.124350, 9.295054, 14.528755, 178
85.845681, 11.761214, 3.662937, 208
72.064798, 15.849138, 12.876689, 177
55.625619, 24.191533, 6.427169, 211
90.304187, 32.503639, 9.032337, 289
81.996144, 1.271280, 13.586847, 113
36.736717, 7.479418, 2.121849, 159
75.272018, 24.912761, 1.076866, 108
47.645730, 35.728370, 0.614399, 175
13.965471, 27.933598, 16.295424, 208
21.622716, 14.014318, 4.214845, 215
46.366752, 25.263819, 6.388304, 101
38.462348, 18.644441, 5.364122, 137
69.698221, 10.389229, 13.162604, 162
29.755310, 20.048592, 0.119853, 146
56.394218, 3.042460, 7.279395, 218
77.408510, 12.474649, 14.289822, 168
49.097282, 5.020582, 2.379252, 119
16.004211, 33.822321, 6.704696, 243
84.061420, 11.842777, 12.725869, 187
33.544786, 22.407467, 9.351250, 133
55.273098, 5.658803, 6.914263, 250
79.963377, 2.297822, 18.334933, 184
70.982460, 27.134554, 2.721532, 141
28.537129, 28.319843, 3.771825, 255
79.594349, 31.466773, 9.410749, 259
43.725741, 17.696706, 5.496789, 210
31.579157, 13.759757, 16.207380, 165
60.847287, 35.973693, 8.320051, 137
52.314746, 11.074261, 3.982071, 221
67.845527, 0.205185, 12.815235, 157
57.329358, 25.496318, 18.662586, 171
37.313561, 8.056374, 15.308029, 204
70.133506, 7.457395, 11.496960, 105
74.655539, 19.167703, 1.707324, 263
44.279195, 18.634792, 2.625470, 139
56.257486, 26.679436, 0.389611, 173
59.329075, 15.447356, 9.869208, 141
24.536649, 34.343314, 17.689432, 188
60.298371, 13.822243, 0.242871, 246
31.146589, 19.582061, 18.010315, 202
66.389017, 7.352852, 18.899932, 147
51.975272, 12.866307, 17.509722, 215
77.728390, 16.429103, 4.420279, 249
28.109595, 10.410328, 13.829254, 155
70.259034, 9.004493, 3.409680, 121
55.272251, 31.758455, 14.698777, 166
19.312835, 21.335785, 7.568329, 185
71.435654, 6.016894, 4.696573, 194
48.723736, 33.907103, 6.054284, 171
53.438189, 19.648331, 5.330269, 139
66.151560, 8.939367, 17.264946, 246
50.840748, 5.410572, 3.132376, 191
46.894423, 23.526225, 11.358922, 167
60.213800, 26.578192, 5.031732, 187
33.492423, 9.692437, 6.923744, 155
74.277309, 4.136719, 11.388230, 174
61.968077, 3.439104, 2.479922, 202
41.459606, 10.805952, 5.826646, 144
68.727592, 23.412339, 10.670801, 249
59.021423, 30.392016, 0.509354, 233
33.890428, 9.841517, 3.425516, 206
47.849438, 11.142064, 7.582061, 160
81.905131, 8.033632, 6.256317, 216
91.244156, 2.484197, 9.267129, 245
53.547600, 18.848849, 7.345808, 164
44.018320, 9.746747, 18.178043, 54
14.120610, 13.565735, 11.917647, 201
25.879542, 18.813408, 11.648108, 202
71.957498, 37.416021, 19.261588, 296
80.277791, 26.799400, 1.693108, 297
58.868989, 13.518475, 18.395993, 160
23.505337, 19.255206, 15.543440, 159
38.739385, 4.378772, 6.718311, 106
82.322421, 7.209711, 1.139660, 183
82.848814, 22.201175, 0.010139, 64
89.115175, 1.503607, 17.266767, 40
57.308847, 14.056930, 3.111348, 127
65.980901, 18.739933, 1.036425, 56
78.112392, 12.897331, 15.236265, 146
63.643359, 8.833091, 12.419446, 288
83.724032, 16.974600, 17.853477, 204
48.937788, 22.733509, 13.518947, 145
83.594794, 6.217027, 1.716664, 211
79.453284, 31.513649, 19.098479, 293
57.288442, 11.682408, 16.724829, 134
26.708527, 3.169036, 9.273946, 122
59.085202, 17.292335, 3.816046, 238
42.557343, 27.477339, 9.619123, 149
31.392581, 14.406059, 17.592715, 132
66.101105, 6.908117, 12.877351, 181
50.124350, 9.295054, 14.528755, 178
85.845681, 11.761214, 3.662937, 208
72.064798, 15.849138, 12.876689, 177
55.625619, 24.191533, 6.427169, 211
90.304187, 32.503639, 9.032337, 289
81.996144, 1.271280, 13.586847, 113
36.736717, 7.479418, 2.121849, 159
75.272018, 24.912761, 1.076866, 108
47.645730, 35.728370, 0.614399, 175
13.965471, 27.933598, 16.295424, 208
21.622716, 14.014318, 4.214845, 215
46.366752, 25.263819, 6.388304, 101
38.462348, 18.644441, 5.364122, 137
69.698221, 10.389229, 13.162604, 162
29.755310, 20.048592, 0.119853, 146
56.394218, 3.042460, 7.279395, 218
77.408510, 12.474649, 14.289822, 168
49.097282, 5.020582, 2.379252, 119
16.004211, 33.822321, 6.704696, 243
84.061420, 11.842777, 12.725869, 187
33.544786, 22.407467, 9.351250, 133
55.273098, 5.658803, 6.914263, 250
79.963377, 2.297822, 18.334933, 184
70.982460, 27.134554, 2.721532, 141
28.537129, 28.319843, 3.771825, 255
79.594349, 31.466773, 9.410749, 259
43.725741, 17.696706, 5.496789, 210
31.579157, 13.759757, 16.207380, 165
60.847287, 35.973693, 8.320051, 137
52.314746, 11.074261, 3.982071, 221
67.845527, 0.205185, 12.815235, 157
57.329358, 25.496318, 18.662586, 171
37.313561, 8.056374, 15.308029, 204
70.133506, 7.457395, 11.496960, 105
74.655539, 19.167703, 1.707324, 263
44.279195, 18.634792, 2.625470, 139
56.257486, 26.679436, 0.389611, 173
59.329075, 15.447356, 9.869208, 141
24.536649, 34.343314, 17.689432, 188
60.298371, 13.822243, 0.242871, 246
31.146589, 19.582061, 18.010315, 202
66.389017, 7.352852, 18.899932, 147
51.975272, 12.866307, 17.509722, 215
77.728390, 16.429103, 4.420279, 249
28.109595, 10.410328, 13.829254, 155
70.259034, 9.004493, 3.409680, 121
55.272251, 31.758455, 14.698777, 166
19.312835, 21.335785, 7.568329, 185
71.435654, 6.016894, 4.696573, 194
48.723736, 33.907103, 6.054284, 171
53.438189, 19.648331, 5.330269, 139
66.151560, 8.939367, 17.264946, 246
50.840748, 5.410572, 3.132376, 191
46.894423, 23.526225, 11.358922, 167
60.213800, 26.578192, 5.031732, 187
33.492423, 9.692437, 6.923744, 155
74.277309, 4.136719, 11.388230, 174
61.968077, 3.439104, 2.479922, 202
41.459606, 10.805952, 5.826646, 144
68.727592, 23.412339, 10.670801, 249
59.021423, 30.392016, 0.509354, 233
33.890428, 9.841517, 3.425516, 206
47.849438, 11.142064, 7.582061, 160
81.905131, 8.033632, 6.256317, 216
91.574302, 17.531411, 9.524032, 159
67.982212, 2.042318, 11.762498, 249
52.814590, 14.217674, 7.693205, 213
35.285087, 27.601169, 13.119588, 178
72.970511, 8.587380, 9.374052, 193
28.404050, 30.724616, 18.875067, 204
56.774601, 23.060348, 8.419833, 227
39.312176, 4.587134, 4.621302, 184
49.907266, 11.452824, 19.133481, 146
58.827406, 2.379659, 17.589601, 252
70.231651, 15.627058, 14.442456, 115
40.028049, 7.804207, 19.408965, 235
55.374553, 3.926111, 6.993289, 250
34.341843, 6.560948, 4.991009, 138
44.975978, 23.269532, 8.662615, 197
74.692944, 1.535801, 11.378331, 239
90.345258, 19.559023, 5.019037, 195
34.548126, 25.764663, 16.795246, 127
62.232817, 15.222518, 1.112385, 119
49.538942, 10.289847, 7.075517, 219
60.042594, 6.214850, 14.280249, 206
41.673757, 28.447043, 17.359276, 144
53.971308, 5.509274, 2.334544, 206
49.621536, 16.936564, 19.516172, 125
29.576189, 4.381684, 16.148890, 119
46.121319, 3.269591, 17.412139, 229
65.139072, 19.768231, 13.153968, 130
35.085938, 22.455572, 19.551253, 238
57.074991, 26.212104, 12.788498, 176
68.559577, 12.849016, 5.144134, 234
42.568710, 0.942917, 3.163775, 198
43.361370, 26.199291, 13.057507, 176
79.189957, 8.619071, 19.963908, 252
52.110502, 19.631431, 9.669412, 255
68.282076, 6.758304, 10.318537, 162
47.215119, 15.423872, 1.496773, 204
33.808450, 14.056191, 5.912370, 144
55.902104, 11.756879, 4.631349, 174
32.089703, 27.374586, 10.570442, 148
44.484360, 16.487201, 2.859308, 127
60.707849, 30.676290, 5.762209, 222
42.447054, 23.387741, 16.087425, 195
51.153786, 2.364649, 13.194133, 171
39.723604, 18.524870, 17.221635, 214
60.771264, 13.364265, 12.394784, 163
61.768421, 3.792923, 18.525538, 242
29.224531, 19.530381, 8.092098, 208
72.276064, 1.587424, 9.318642, 236
76.347203, 16.327965, 12.144429, 250
72.387227, 11.679470, 3.237815, 219
63.437859, 27.987092, 2.332041, 167
63.745953, 12.645592, 9.303220, 140
45.509865, 10.674862, 4.243268, 154
54.273265, 27.657594, 19.158383, 192
78.207746, 2.142021, 7.058516, 135
34.420604, 5.176267, 6.849283, 164
58.964529, 17.214295, 18.130671, 246
59.019348, 9.856937, 0.882586, 115
52.695191, 7.288262, 14.539557, 198
47.193324, 28.710177, 2.461939, 182
28.965973, 20.756657, 15.890716, 188
44.621401, 10.248544, 5.304695, 159
78.472287, 23.239010, 16.576048, 183
42.539431, 17.877417, 4.444323, 175
38.937100, 4.293039, 19.456317, 221
52.302305, 13.376084, 3.056685, 206
72.755795, 25.728438, 11.639741, 244
68.689356, 10.208275, 13.756100, 133
50.615366, 2.687319, 1.986464, 140
66.013778, 12.756408, 18.735121, 185
59.982803, 21.120109, 3.354120, 156
69.767760, 3.471561, 2.637338, 150
29.359496, 24.326134, 4.713566, 198
40.703282, 27.632845, 11.388954, 122
72.442849, 8.953255, 5.155669, 247
80.526631, 16.512035, 12.650430, 205
43.439755, 19.952145, 8.631898, 132
60.303124, 4.117573, 17.926716, 119
59.539083, 12.221370, 9.865092, 167
72.935235, 17.439214, 1.507130, 169
37.693939, 6.105556, 11.974230, 154
64.430574, 29.907931, 6.042154, 245
75.078942, 24.586709, 14.170941, 226
50.404538, 5.426662, 6.173017, 132
61.688273, 19.490155, 18.051748, 201
54.902710, 23.712836, 9.986279, 191
72.512304, 16.458741, 10.759553, 219
71.444971, 20.415027, 13.637365, 145
76.736732, 12.080204, 5.905504, 232
45.671687, 6.698102, 18.259153, 174
52.530890, 18.102762, 1.129496, 232
34.606925, 19.175872, 16.484640, 143
47.340789, 2.965091, 19.124697, 150
51.512276, 9.275757, 2.725146, 155
57.151016, 10.147633, 12.014208, 163
44.111467, 15.983045, 3.309706, 167
79.657581, 16.224593, 10.625202, 229
56.632284, 5.673182, 9.944749, 180
39.532430, 18.075341, 18.757139, 213
66.433758, 3.128179, 8.080690, 145
34.931225, 10.139532, 13.581315, 204
66.492272, 19.603677, 7.582736, 237
43.927294, 22.073069, 0.994316, 249
33.478606, 8.016509, 2.896469, 195
47.358990, 5.644868, 19.506971, 121
56.874396, 10.029457, 11.327387, 242
76.345742, 21.619992, 3.670468, 230
67.169274, 3.912425, 17.456914, 219
48.548317, 27.034716, 15.768262, 187
51.232084, 18.106015, 16.481896, 158
70.035772, 16.648954, 4.295685, 136
61.458607, 24.182290, 8.778296, 225
45.014929, 23.635593, 5.043592, 161
70.219302, 28.119087, 9.524179, 141
67.078140, 19.487258, 11.065246, 204
48.136788, 13.463302, 1.588877, 212
33.095492, 19.388904, 15.295346, 171
59.109890, 13.284354, 2.078939, 180
61.268859, 6.158247, 5.225171, 211
74.707879, 24.506870, 10.225981, 140
64.806056, 4.276312, 12.760642, 213
41.413058, 17.472819, 5.219023, 244
80.432053, 3.201539, 11.396888, 157
39.662541, 14.087285, 0.894072, 138
75.228322, 13.467601, 8.548704, 174
66.146557, 21.080998, 9.126302, 169
63.256088, 8.150203, 18.723365, 234
64.298981, 7.499620, 5.869084, 218
72.654384, 6.063465, 17.823007, 176
66.508335, 16.280441, 6.929074, 198
69.272393, 18.248848, 10.808514, 211
44.797916, 28.201611, 7.402455, 233
61.922140, 2.588713, 5.840213, 179
54.842535, 15.015457, 17.254678, 229
49.740215, 21.107098, 14.690563, 157
56.408847, 8.799056, 5.421825, 167
67.354803, 16.100711, 12.015108, 219
55.214627, 5.450236, 16.276022, 235
44.367119, 13.396234, 0.930725, 162
51.268237, 12.970801, 8.467716, 243
63.496437, 21.124907, 9.726625, 191
60.294853, 16.453167, 17.395069, 179
50.669820, 7.531758, 9.389249, 215
58.246595, 2.723415, 4.576196, 207
59.679111, 16.019607, 14.654220, 176
74.881259, 3.940220, 5.366186, 162
47.710801, 5.217122, 0.996779, 151
59.078490, 7.367432, 13.157893, 163
52.284852, 12.228706, 19.509214, 174
69.142902, 11.675669, 9.931563, 211
74.076974, 10.494779, 4.474589, 189
59.859808, 9.527292, 7.144507, 167
65.838245, 15.716035, 12.015560, 173
43.551707, 13.246554, 4.395476, 198
52.814159, 20.533609, 3.705387, 220
56.128232, 1.168409, 17.379216, 210
45.413527, 19.242376, 8.834573, 218
56.061627, 3.289680, 5.628332, 164
55.763357, 5.478835, 0.259837, 213
72.047206, 19.517064, 13.257035, 226
62.308014, 12.179670, 16.499658, 245
71.330913, 11.470636, 13.434107, 181
47.559631, 6.342815, 12.503510, 211
54.717341, 17.951523, 16.679883, 188
51.091674, 5.119685, 7.394459, 179
52.813442, 3.201456, 2.438254, 160
66.669843, 19.211443, 12.440653, 151
43.296065, 21.557673, 11.249431, 174
51.950786, 10.818915, 9.799607, 172
63.748228, 8.317809, 5.368391, 193
56.907149, 6.812560, 7.268008, 204
69.119305, 3.549106, 1.520928, 239
58.371290, 20.454168, 5.074267, 244
50.252624, 11.015087, 18.991991, 202
77.029255, 18.424225, 6.221139, 175
52.929753, 8.977533, 16.258022, 231
62.578470, 11.870019, 7.512496, 183
45.194438, 19.013566, 14.582377, 196
73.141904, 18.081148, 6.039224, 154
60.058569, 5.631804, 3.429974, 170
55.135020, 1.396903, 9.043047, 204
56.315364, 18.052799, 18.808297, 160
45.212090, 6.014017, 0.469170, 204
77.172047, 17.239688, 18.141188, 220
64.481258, 15.381792, 3.429028, 214
57.259042, 5.066621, 1.271295, 190
54.255093, 12.801131, 9.968152, 211
60.490758, 9.509540, 10.853254, 186
63.397567, 19.358257, 11.631231, 167
66.262051, 3.122832, 4.907536, 220
74.101994, 12.238191, 0.030825, 215
63.315767, 20.607268, 18.717866, 162
56.328715, 18.319106, 17.928004, 167
67.456458, 1.822451, 9.036451, 228
45.440340, 18.832083, 18.285591, 213
75.214304, 19.089702, 1.478053, 192
54.377767, 5.773224, 4.603411, 197
60.758304, 16.711225, 1.617665, 159
73.594191, 10.824317, 14.279538, 189
69.102440, 6.728285, 17.784877, 235
58.745479, 12.661021, 2.588249, 205
46.589896, 10.239434, 14.982515, 237
64.021823, 3.342425, 12.825242, 187
62.808345, 18.396496, 7.251871, 227
55.705067, 15.019843, 16.115799, 229
68.839237, 19.570459, 18.423920, 177
66.800778, 2.594024, 19.528322, 151
63.112028, 6.877836, 14.771344, 180
53.251993, 8.282397, 4.924394, 189
49.029681, 14.110280, 0.072673, 158
67.689676, 2.676481, 12.367442, 236
56.822624, 19.926339, 5.877677, 177
61.965469, 11.030198, 6.222306, 177
69.561244, 3.243331, 7.469877, 202
63.208877, 17.580272, 10.725852, 163
58.158536, 11.212466, 0.644545, 152
54.832544, 17.045736, 7.938497, 222
75.466324, 5.247877, 6.866712, 226
47.411639, 18.823278, 2.390604, 189
65.309907, 6.467195, 17.731671, 214
49.802517, 2.010484, 5.824081, 187
61.935801, 17.139593, 14.799491, 203
72.440858, 8.394824, 3.644201, 198
58.539274, 12.108907, 4.289776, 216
44.131415, 2.468131, 13.635341, 174
66.303280, 14.462781, 10.916497, 228
61.726345, 6.749890, 8.226329, 161
70.426129, 12.928195, 16.171670, 210
69.513085, 19.226112, 9.457279, 230
50.752064, 18.690567, 16.883229, 182
62.134655, 7.839836, 4.829407, 222
66.935108, 9.758154, 16.185707, 168
72.674847, 14.778890, 0.732381, 190
62.796973, 7.755706, 8.741086, 241
75.307741, 12.288536, 9.232267, 188
63.887108, 19.756512, 14.696532, 191
71.402917, 13.780319, 11.470587, 224
66.111825, 17.198585, 3.695204, 175
59.279526, 19.626927, 5.661635, 197
47.060974, 3.698896, 16.470983, 199
50.847513, 18.876557, 6.800033, 156
72.981098, 6.263046, 19.697217, 211
61.984106, 17.673890, 10.557944, 180
59.745038, 8.420464, 11.561766, 168
52.154312, 3.945467, 2.469206, 216
72.662636, 5.911637, 4.263636, 199
66.776865, 12.227063, 18.412286, 190
61.417640, 9.915016, 10.526350, 214
53.206469, 18.707960, 8.448186, 168
62.308504, 17.728202, 12.524984, 204
58.971522, 12.051282, 9.364914, 172
71.675896, 6.482370, 10.192438, 213
53.892451, 18.368270, 8.733221, 189
63.416853, 3.198267, 17.450982, 220
69.834274, 16.942381, 5.716892, 202
58.007532, 8.573482, 19.369102, 234
74.218374, 19.384612, 11.508236, 176
66.758831, 11.824381, 2.519762, 196
60.321756, 14.176528, 15.327192, 214
75.620172, 9.642327, 14.283921, 203
55.719483, 7.365182, 6.145367, 181
64.283712, 11.507217, 18.473429, 238
72.527149, 12.961582, 5.625089, 191
67.981421, 3.148592, 16.704915, 225
57.624523, 10.859382, 12.134127, 204
70.346281, 13.296715, 18.523471, 223
61.835476, 19.263782, 8.361590, 215
63.147849, 9.072123, 9.412837, 201
69.287361, 15.472968, 4.719507, 182
65.427198, 5.347218, 11.132547, 175
71.901852, 7.692583, 10.987532, 198
58.942176, 12.482197, 17.283652, 233
55.726482, 14.013792, 19.432810, 205
64.184371, 10.239581, 15.653478, 169
66.908752, 8.741576, 4.702113, 196
52.840215, 3.721348, 16.492715, 210
69.479121, 11.816785, 13.574931, 211
65.219472, 14.763941, 7.935026, 215
72.308374, 6.928124, 18.693274, 195
61.573294, 19.276153, 14.112472, 209
74.987236, 15.487632, 5.472934, 187
62.589723, 8.152748, 16.285947, 226
66.723849, 10.215317, 9.678594, 178
59.815369, 5.142871, 8.126734, 184
72.043185, 19.582394, 6.429812, 202
55.631947, 13.724981, 7.156839, 171
68.192638, 17.342819, 10.295142, 223
73.641254, 9.234185, 5.032165, 200
60.312719, 11.382194, 18.473261, 235
68.827419, 4.973624, 13.761826, 196
64.912584, 18.621947, 6.837218, 217
66.453278, 16.089172, 12.815371, 208
69.194742, 15.724519, 4.791837, 180
58.925842, 12.834791, 17.628471, 174
53.601327, 14.926821, 18.763984, 232
72.971284, 9.431754, 11.846591, 225
63.268471, 5.912783, 10.573294, 215
71.623892, 13.479182, 19.012738, 204
57.198143, 3.627128, 15.384217, 189
55.731918, 11.346291, 18.728573, 190
74.236192, 7.536274, 8.913467, 176
64.913284, 16.827394, 9.728451, 211
67.598273, 10.294738, 5.173984, 208
62.571834, 12.942851, 14.675839, 233
70.426138, 9.725198, 17.132481, 224
52.183948, 3.527831, 12.972136, 192
59.374591, 7.368291, 16.147392, 218
64.285391, 15.725813, 18.147572, 219
73.918461, 18.291572, 8.731952, 212
71.235194, 6.593729, 10.294812, 229
58.812735, 10.946275, 19.148931, 177
67.912347, 11.384912, 13.475739, 213
65.927173, 7.892341, 17.896278, 207
63.419735, 14.573289, 5.761893, 221
70.917284, 19.573847, 8.437261, 203
52.918374, 12.675394, 13.927489, 197
59.732891, 10.283491, 18.739281, 233
64.127592, 17.281239, 7.384619, 209
66.958291, 8.246394, 6.547273, 189
68.724589, 6.231874, 17.827198, 179
55.213894, 5.192173, 12.857139, 196
73.982194, 9.512837, 8.192137, 207
62.839174, 12.714382, 19.384274, 231
74.217134, 6.217192, 11.357128, 224
64.815391, 18.275318, 14.913289, 221
52.374128, 16.738912, 4.928738, 211
69.714289, 19.637182, 10.512983, 191
57.213984, 8.271439, 5.918274, 179
64.728938, 15.987234, 14.921381, 236
68.319472, 9.178213, 17.627849, 209
55.472192, 12.361947, 18.213748, 184
65.128491, 16.738947, 6.917264, 197
70.239184, 4.172384, 12.918374, 228
63.912347, 10.123847, 15.294718, 216
58.278143, 18.461928, 11.726493, 205
69.812394, 17.263728, 6.593721, 229
56.738194, 19.827348, 4.517329, 219
71.287451, 3.278451, 18.937182, 227
64.918271, 12.837492, 13.457213, 222
67.178927, 8.912374, 10.572891, 215
59.234127, 6.173429, 16.214729, 176
53.827184, 4.392738, 8.927183, 191
73.129417, 5.218947, 7.182374, 186
61.284923, 9.278472, 14.183274, 223
56.912734, 11.287491, 19.834278, 204
69.213487, 10.937281, 8.129478, 231
62.518947, 16.914721, 18.749281, 206
68.271398, 14.837129, 7.361932, 189
54.912738, 12.278492, 6.273981, 173
70.412839, 11.834729, 9.126731, 216
60.837294, 4.173649, 15.728492, 202
65.192837, 18.472931, 14.281947, 210
66.871294, 6.738941, 11.293817, 196
55.294718, 13.742913, 19.281729, 240
64.283917, 7.491837, 5.719274, 181
72.384729, 15.284917, 9.672918, 227
60.984129, 11.738419, 16.293748, 215
71.273918, 9.173492, 14.291872, 205
63.274918, 5.261937, 7.827392, 194
58.374192, 18.129482, 8.391827, 218
69.293481, 13.472819, 12.472981, 209
65.983721, 16.472389, 17.283947, 230
60.192847, 4.192837, 19.728491, 201
57.918374, 10.918472, 14.293781, 183
69.293481, 14.938274, 11.387492, 191
62.728341, 7.123891, 9.728394, 209
70.234917, 13.281472, 18.472938, 238
66.912837, 12.291837, 15.123981, 198
57.384719, 6.472839, 19.482937, 217
69.283948, 9.472839, 10.293748, 210
71.748219, 8.192847, 13.918374, 229
66.284739, 15.184728, 16.293748, 224
63.273891, 5.281739, 14.482938, 195
60.398172, 19.281749, 11.573819, 218
68.123941, 6.472183, 9.182937, 190
57.912847, 8.391748, 14.182937, 223
66.271837, 12.183749, 18.472983, 212
60.123749, 10.287491, 19.283741, 220
63.281739, 11.293817, 17.918374, 238
65.183749, 14.384729, 7.839218, 196
71.239148, 15.184728, 12.183749, 189
62.398271, 9.183749, 10.293748, 211
67.384729, 18.738491, 8.918374, 230
59.174839, 13.918374, 12.748291, 201
66.293471, 6.283749, 11.192837, 215
70.472938, 16.293748, 10.128374, 226
61.829374, 7.283749, 15.392748, 203
69.384729, 12.738491, 8.293748, 187
58.749182, 5.738491, 9.918374, 216
73.182947, 11.283749, 18.739183, 229
66.293481, 19.738491, 16.182937, 217
70.392184, 10.183749, 14.918374, 200
65.287194, 8.739182, 17.293748, 190
68.918374, 7.384729, 19.748291, 238
59.728394, 9.283749, 10.283749, 223
66.392749, 12.748291, 15.182937, 203
70.293481, 6.384729, 12.748291, 191
65.739182, 14.739183, 10.293748, 196
68.192837, 16.738492, 11.283749, 222
62.374981, 9.283749, 13.472981, 211
69.472389, 5.283749, 18.738491, 224
71.283749, 8.291837, 15.283749, 215
63.718394, 13.283749, 17.182937, 190
68.748291, 14.283749, 12.918374, 232
70.182937, 10.283749, 9.183749, 209
65.293481, 7.283749, 14.472981, 197
66.293481, 16.738492, 10.283749, 182
64.283749, 8.291837, 11.472983, 224
69.392749, 10.283749, 13.918374, 229
67.739182, 6.182937, 12.183749, 207
66.183749, 15.283749, 16.283749, 234
71.283749, 11.283749, 19.472981, 211
62.374981, 8.738491, 17.283749, 196
66.738491, 10.938274, 11.472983, 192
69.283749, 6.738491, 15.182937, 183
64.283749, 12.738491, 13.283749, 210
69.283749, 8.739182, 14.918374, 238
66.293481, 13.283749, 9.283749, 216
58.374918, 6.283749, 17.472983, 202
70.283749, 9.283749, 18.918374, 225
63.283749, 5.738491, 11.283749, 205
71.283749, 14.283749, 16.283749, 212
65.283749, 10.738491, 12.738491, 197
62.738491, 11.283749, 15.738491, 220
69.472981, 8.283749, 19.472983, 235
68.738491, 13.283749, 16.283749, 229
64.283749, 7.283749, 17.283749, 202
69.183749, 9.738491, 15.738491, 194
58.472981, 10.283749, 12.283749, 181
71.283749, 8.738491, 18.283749, 203
66.283749, 11.283749, 17.283749, 225
63.283749, 12.283749, 15.283749, 218
70.738491, 6.283749, 10.738491, 220
68.283749, 11.283749, 12.738491, 227
62.283749, 7.738491, 13.738491, 198
70.738491, 10.283749, 9.283749, 204
69.738491, 14.283749, 15.283749, 232
62.283749, 8.738491, 11.283749, 209
67.738491, 12.283749, 13.738491, 211
69.283749, 15.738491, 17.738491, 224
61.283749, 10.738491, 16.738491, 218
72.738491, 13.283749, 8.738491, 193
66.283749, 8.738491, 9.738491, 180
69.738491, 12.283749, 12.738491, 210
64.738491, 6.283749, 10.738491, 200
73.283749, 5.738491, 17.738491, 215
68.738491, 15.283749, 14.738491, 226
67.283749, 7.738491, 18.738491, 192
74.384732, 13.472839, 8.273948, 215
67.274839, 5.392847, 15.839271, 192
63.194837, 17.294738, 12.483927, 208
66.387491, 14.193847, 19.837461, 227
61.274938, 9.283746, 10.394817, 184
69.384927, 6.183947, 13.192837, 201
72.392847, 11.274839, 16.374192, 218
64.294718, 14.273948, 8.374918, 195
58.483729, 12.384729, 14.394817, 189
69.273948, 5.283746, 19.283749, 224
63.273948, 17.472937, 11.394817, 202
68.472983, 8.938274, 9.182937, 217
60.283749, 14.738291, 12.839271, 203
67.384729, 13.849271, 17.483928, 234
62.384729, 7.294817, 8.394817, 180
69.283749, 12.384729, 11.839273, 221
64.293847, 10.392847, 18.473928, 207
58.938274, 5.273948, 16.294718, 189
71.293847, 16.273948, 13.273849, 215
68.283746, 14.384729, 10.283746, 194
60.283746, 7.394827, 19.273948, 229
62.274839, 10.293746, 9.384729, 212
66.273948, 12.274839, 18.284937, 218
59.273948, 11.384729, 16.938274, 202
73.193847, 8.274839, 17.283746, 226
65.938274, 10.283746, 11.384729, 209
60.283746, 13.938274, 15.273948, 197
68.384729, 6.294718, 8.938274, 205
69.283746, 12.284937, 12.938274, 223
64.384729, 9.294718, 14.938274, 210
61.384729, 8.273948, 10.384729, 197
71.294718, 7.938274, 19.283746, 229
62.938274, 14.283746, 13.938274, 210
67.294718, 6.273948, 18.384729, 218
58.938274, 15.284937, 9.273948, 190
70.938274, 9.273948, 12.283746, 215
64.273948, 8.938274, 17.283746, 234
68.938274, 14.938274, 16.273948, 221
60.283746, 7.938274, 14.283746, 198
67.938274, 12.283746, 10.938274, 209
73.284937, 8.938274, 13.938274, 223
58.938274, 10.283746, 15.938274, 187
69.283746, 12.273948, 18.283746, 232
62.938274, 6.938274, 11.938274, 199
70.284937, 5.273948, 16.938274, 225
65.273948, 10.273948, 12.283746, 203
71.273948, 8.938274, 15.284937, 219
66.273948, 7.938274, 18.938274, 202
68.938274, 11.283746, 9.283746, 211
72.283746, 9.273948, 13.938274, 236
63.283746, 8.938274, 16.283746, 200
66.938274, 12.283746, 14.283746, 213
69.283746, 15.938274, 17.938274, 225
62.938274, 10.938274, 11.938274, 199
71.283746, 9.283746, 10.938274, 218
67.938274, 14.283746, 12.283746, 228
59.938274, 5.938274, 15.938274, 197
68.273948, 12.938274, 14.938274, 222
63.938274, 7.273948, 16.938274, 216
74.293847, 11.374928, 15.483726, 224
65.294827, 6.829374, 12.948271, 197
68.938274, 16.283746, 18.374928, 239
60.283746, 10.837491, 9.384729, 198
69.294718, 7.837492, 13.948271, 217
73.384729, 14.283746, 17.394817, 231
62.274839, 5.283746, 11.948271, 189
67.938274, 12.938274, 16.394817, 226
70.938274, 9.938274, 12.394817, 212
63.938274, 8.283746, 10.948271, 206
71.274839, 15.938274, 13.283746, 219
66.838274, 14.938274, 18.283746, 238
61.294718, 12.374928, 17.283746, 212
70.284937, 9.293847, 8.938274, 203
68.283746, 7.283746, 15.394817, 209
62.938274, 11.283746, 12.938274, 192
65.294827, 8.938274, 14.837491, 201
67.938274, 16.374928, 18.274839, 239
64.384729, 10.293847, 9.938274, 206
69.283746, 13.283746, 11.938274, 220
71.284937, 6.283746, 17.294718, 225
66.938274, 12.938274, 15.283746, 213
59.938274, 9.938274, 13.938274, 191
72.283746, 10.938274, 19.283746, 234
61.283746, 11.374928, 10.284937, 198
63.938274, 13.283746, 14.938274, 208
68.938274, 8.938274, 12.283746, 213
66.283746, 14.938274, 11.283746, 207
69.284937, 9.283746, 13.938274, 220
58.938274, 12.938274, 16.283746, 195
67.938274, 5.938274, 18.938274, 232
63.283746, 11.374928, 15.938274, 206
71.938274, 6.283746, 14.938274, 229
66.283746, 8.283746, 10.938274, 204
70.283746, 13.938274, 16.283746, 216
61.283746, 9.283746, 12.283746, 195
68.283746, 14.283746, 15.938274, 220
65.938274, 10.938274, 17.938274, 228
62.938274, 7.283746, 11.283746, 203
74.283746, 9.283746, 8.938274, 215
63.938274, 12.938274, 13.283746, 202
67.283746, 5.938274, 18.283746, 227
69.938274, 14.283746, 16.938274, 231
72.283746, 11.283746, 10.938274, 216
58.938274, 9.938274, 19.283746, 198
65.283746, 13.938274, 15.938274, 210
70.938274, 7.283746, 12.938274, 219
64.283746, 11.283746, 8.938274, 201
68.938274, 10.938274, 17.938274, 225
66.283746, 12.938274, 16.938274, 214
69.283746, 15.283746, 14.938274, 218
59.283746, 6.283746, 13.938274, 200
71.938274, 8.938274, 9.283746, 219
66.283746, 13.283746, 17.938274, 230
72.283746, 9.938274, 15.938274, 224
60.938274, 12.938274, 18.283746, 202
65.938274, 7.283746, 10.938274, 203
69.938274, 10.283746, 14.938274, 211
67.283746, 15.938274, 11.283746, 208
63.283746, 8.938274, 12.283746, 205
71.284937, 9.283746, 14.283746, 223
67.938274, 10.938274, 16.283746, 212
63.938274, 11.283746, 18.283746, 220
65.283746, 12.283746, 9.938274, 204
69.283746, 14.283746, 12.283746, 215
60.938274, 7.283746, 16.938274, 205
62.938274, 15.283746, 11.938274, 210
70.283746, 9.283746, 14.938274, 218
63.283746, 13.283746, 16.283746, 224
71.283746, 12.283746, 19.283746, 230
68.938274, 10.938274, 9.283746, 209
66.283746, 14.283746, 13.283746, 223
64.938274, 6.283746, 12.283746, 200
67.283746, 8.938274, 18.283746, 230
65.283746, 13.283746, 10.283746, 208
72.283746, 7.283746, 14.938274, 220
69.938274, 9.283746, 15.938274, 217
61.283746, 11.283746, 17.283746, 204
68.938274, 10.938274, 16.938274, 215
67.283746, 12.938274, 11.283746, 201
60.938274, 15.283746, 18.283746, 213
66.938274, 13.283746, 9.283746, 220
62.938274, 14.283746, 13.283746, 216
70.283746, 9.283746, 17.283746, 212
65.283746, 12.283746, 11.283746, 209
61.283746, 10.938274, 19.283746, 225
72.938274, 14.283746, 15.938274, 228
67.283746, 8.938274, 9.283746, 204
69.283746, 15.938274, 17.283746, 227
63.283746, 10.283746, 11.283746, 202
66.938274, 12.283746, 14.283746, 212
68.283746, 7.283746, 16.283746, 220
62.938274, 9.283746, 18.283746, 215
70.283746, 14.283746, 9.283746, 206
64.283746, 13.283746, 17.283746, 219
66.283746, 12.938274, 11.283746, 208
61.938274, 10.283746, 12.283746, 200
72.283746, 9.938274, 16.283746, 214
68.283746, 7.283746, 14.283746, 205
66.938274, 10.283746, 19.283746, 222
63.283746, 13.283746, 9.283746, 202
70.283746, 12.938274, 15.938274, 211
61.283746, 15.938274, 10.283746, 214
69.283746, 9.283746, 14.283746, 220
67.938274, 12.283746, 18.283746, 228
62.283746, 14.938274, 17.283746, 217
68.283746, 7.283746, 11.283746, 206
66.938274, 10.938274, 13.283746, 223
63.938274, 9.283746, 12.283746, 201
65.283746, 12.283746, 10.938274, 210
70.938274, 15.283746, 16.283746, 222
62.283746, 13.938274, 19.283746, 231
67.283746, 9.283746, 14.283746, 208
64.283746, 10.283746, 11.283746, 202
60.938274, 7.283746, 15.283746, 203
66.938274, 12.283746, 9.283746, 209
69.283746, 14.283746, 18.283746, 229
62.938274, 11.283746, 16.938274, 215
71.938274, 10.283746, 12.938274, 220
63.283746, 15.283746, 9.283746, 200
67.283746, 13.283746, 19.283746, 222
64.938274, 12.283746, 18.283746, 223
62.283746, 14.283746, 10.283746, 205
71.283746, 9.938274, 17.283746, 219
65.938274, 7.283746, 12.283746, 206
68.938274, 10.283746, 14.283746, 224
62.938274, 13.283746, 9.283746, 201
69.938274, 8.938274, 11.938274, 211
71.284937, 9.283746, 14.283746, 223
67.938274, 10.938274, 16.283746, 212
63.938274, 11.283746, 18.283746, 220
65.283746, 12.283746, 9.938274, 204
69.283746, 14.283746, 12.283746, 215
60.938274, 7.283746, 16.938274, 205
62.938274, 15.283746, 11.938274, 210
70.283746, 9.283746, 14.938274, 218
63.283746, 13.283746, 16.283746, 224
71.283746, 12.283746, 19.283746, 230
68.938274, 10.938274, 9.283746, 209
66.283746, 14.283746, 13.283746, 223
64.938274, 6.283746, 12.283746, 200
67.283746, 8.938274, 18.283746, 230
65.283746, 13.283746, 10.283746, 208
72.283746, 7.283746, 14.938274, 220
69.938274, 9.283746, 15.938274, 217
61.283746, 11.283746, 17.283746, 204
68.938274, 10.938274, 16.938274, 215
67.283746, 12.938274, 11.283746, 201
60.938274, 15.283746, 18.283746, 213
66.938274, 13.283746, 9.283746, 220
62.938274, 14.283746, 13.283746, 216
70.283746, 9.283746, 17.283746, 212
65.283746, 12.283746, 11.283746, 209
61.283746, 10.938274, 19.283746, 225
72.938274, 14.283746, 15.938274, 228
67.283746, 8.938274, 9.283746, 204
69.283746, 15.938274, 17.283746, 227
63.283746, 10.283746, 11.283746, 202
66.938274, 12.283746, 14.283746, 212
68.283746, 7.283746, 16.283746, 220
62.938274, 9.283746, 18.283746, 215
70.283746, 14.283746, 9.283746, 206
64.283746, 13.283746, 17.283746, 219
66.283746, 12.938274, 11.283746, 208
61.938274, 10.283746, 12.283746, 200
72.283746, 9.938274, 16.283746, 214
68.283746, 7.283746, 14.283746, 205
66.938274, 10.283746, 19.283746, 222
63.283746, 13.283746, 9.283746, 202
70.283746, 12.938274, 15.938274, 211
61.283746, 15.938274, 10.283746, 214
69.283746, 9.283746, 14.283746, 220
67.938274, 12.283746, 18.283746, 228
62.283746, 14.938274, 17.283746, 217
68.283746, 7.283746, 11.283746, 206
66.938274, 10.938274, 13.283746, 223
63.938274, 9.283746, 12.283746, 201
65.283746, 12.283746, 10.938274, 210
70.938274, 15.283746, 16.283746, 222
62.283746, 13.938274, 19.283746, 231
67.283746, 9.283746, 14.283746, 208
64.283746, 10.283746, 11.283746, 202
60.938274, 7.283746, 15.283746, 203
66.938274, 12.283746, 9.283746, 209
69.283746, 14.283746, 18.283746, 229
62.938274, 11.283746, 16.938274, 215
71.938274, 10.283746, 12.938274, 220
63.283746, 15.283746, 9.283746, 200
67.283746, 13.283746, 19.283746, 222
64.938274, 12.283746, 18.283746, 223
62.283746, 14.283746, 10.283746, 205
71.283746, 9.938274, 17.283746, 219
65.938274, 7.283746, 12.283746, 206
68.938274, 10.283746, 14.283746, 224
62.938274, 13.283746, 9.283746, 201
69.938274, 8.938274, 11.938274, 211
72.283746, 15.283746, 11.283746, 226
66.938274, 12.283746, 14.283746, 211
64.283746, 7.283746, 18.283746, 202
70.283746, 10.938274, 16.283746, 217
68.283746, 9.283746, 12.283746, 213
65.283746, 13.283746, 19.283746, 228
63.283746, 7.938274, 14.283746, 205
66.283746, 12.283746, 13.283746, 210
69.283746, 15.283746, 11.283746, 219
62.283746, 11.938274, 12.283746, 203
68.283746, 10.283746, 18.283746, 223
63.938274, 14.283746, 19.283746, 225
66.283746, 12.283746, 17.283746, 214
65.283746, 7.283746, 15.283746, 211
69.283746, 11.283746, 12.283746, 204
64.283746, 9.283746, 16.283746, 212
70.938274, 13.283746, 14.283746, 218
68.283746, 12.283746, 10.283746, 209
66.283746, 10.938274, 18.283746, 220
64.283746, 13.283746, 17.283746, 219
69.283746, 15.283746, 12.283746, 222
60.283746, 7.938274, 14.283746, 205
68.283746, 9.283746, 19.283746, 226
63.283746, 10.938274, 13.283746, 210
67.283746, 11.283746, 14.283746, 213
62.283746, 15.283746, 16.283746, 227
66.283746, 12.938274, 18.283746, 221
65.283746, 9.283746, 11.283746, 206
70.283746, 14.283746, 12.283746, 212
63.283746, 10.283746, 15.283746, 211
67.283746, 15.283746, 18.283746, 230
62.283746, 7.938274, 13.283746, 204
66.283746, 9.283746, 17.283746, 217
70.938274, 13.283746, 15.283746, 225
64.283746, 12.283746, 14.283746, 208
68.283746, 10.283746, 12.283746, 215
63.283746, 14.283746, 16.283746, 220
67.283746, 7.283746, 19.283746, 209
62.283746, 9.283746, 15.283746, 203
66.283746, 13.283746, 17.283746, 223
70.283746, 12.283746, 16.283746, 219
65.283746, 11.283746, 14.283746, 213
69.283746, 9.283746, 19.283746, 227
63.283746, 15.283746, 18.283746, 229
66.283746, 12.283746, 16.283746, 211
64.283746, 7.283746, 10.938274, 202
70.283746, 9.283746, 18.283746, 225
67.283746, 10.283746, 17.283746, 212
66.283746, 13.283746, 19.283746, 230
60.283746, 12.283746, 15.283746, 208
68.283746, 11.283746, 14.283746, 214
63.283746, 7.938274, 13.283746, 205
70.283746, 9.283746, 17.283746, 221
64.283746, 15.283746, 16.283746, 226
69.283746, 12.283746, 18.283746, 217
65.283746, 10.283746, 14.283746, 209
62.283746, 7.283746, 19.283746, 204
66.283746, 11.283746, 17.283746, 215
70.283746, 14.283746, 16.283746, 220
63.283746, 10.283746, 14.283746, 212
68.283746, 9.283746, 16.283746, 213
69.283746, 12.283746, 19.283746, 225
64.283746, 13.283746, 18.283746, 219
66.283746, 12.283746, 11.283746, 208
70.283746, 7.938274, 16.283746, 217
63.283746, 13.283746, 18.283746, 226
68.283746, 9.283746, 15.283746, 213
65.283746, 14.283746, 19.283746, 230
70.283746, 10.938274, 17.283746, 222
62.283746, 9.283746, 12.283746, 204
66.283746, 11.283746, 14.283746, 212
69.283746, 12.283746, 16.283746, 219
67.283746, 10.283746, 19.283746, 227
64.283746, 7.283746, 15.283746, 210
62.283746, 14.283746, 18.283746, 225
70.283746, 12.283746, 17.283746, 220
66.283746, 10.283746, 13.283746, 209
65.283746, 13.283746, 14.283746, 215
68.283746, 11.283746, 18.283746, 223
64.283746, 7.283746, 19.283746, 211
69.283746, 9.283746, 17.283746, 218
67.283746, 15.283746, 16.283746, 224
62.283746, 12.283746, 13.283746, 207
65.283746, 10.283746, 18.283746, 215
68.283746, 13.283746, 19.283746, 229
63.283746, 7.283746, 16.283746, 206
64.283746, 10.283746, 17.283746, 210
70.283746, 12.283746, 15.283746, 218
66.283746, 9.283746, 14.283746, 213
67.283746, 11.283746, 19.283746, 220
62.283746, 13.283746, 12.283746, 209
65.283746, 10.283746, 18.283746, 214
69.283746, 14.283746, 16.283746, 225
63.283746, 7.283746, 19.283746, 212
70.283746, 11.283746, 13.283746, 221
66.283746, 15.283746, 17.283746, 230
68.283746, 9.283746, 16.283746, 214
65.283746, 12.283746, 14.283746, 211
63.283746, 10.283746, 19.283746, 219
67.283746, 14.283746, 18.283746, 228
62.283746, 8.283746, 13.283746, 207
64.283746, 12.283746, 15.283746, 213
69.283746, 10.283746, 17.283746, 220
66.283746, 14.283746, 16.283746, 225
63.283746, 11.283746, 14.283746, 210
70.283746, 12.283746, 19.283746, 229
65.283746, 9.283746, 17.283746, 215
67.283746, 14.283746, 12.283746, 220
64.283746, 11.283746, 19.283746, 228
69.283746, 10.283746, 18.283746, 225
66.283746, 9.283746, 13.283746, 213
62.283746, 7.283746, 16.283746, 208
65.283746, 12.283746, 14.283746, 217
68.283746, 13.283746, 19.283746, 230
64.283746, 8.283746, 15.283746, 210
69.283746, 10.283746, 12.283746, 224
67.283746, 9.283746, 14.283746, 221
70.283746, 11.283746, 16.283746, 226
63.283746, 15.283746, 13.283746, 214
66.283746, 12.283746, 18.283746, 229
62.283746, 7.283746, 17.283746, 208
64.283746, 14.283746, 16.283746, 223
67.283746, 10.283746, 19.283746, 227
65.283746, 12.283746, 11.283746, 212
69.283746, 9.283746, 15.283746, 218
70.283746, 14.283746, 17.283746, 229
66.283746, 12.283746, 11.283746, 208
70.283746, 7.938274, 16.283746, 217
63.283746, 13.283746, 18.283746, 226
68.283746, 9.283746, 15.283746, 213
65.283746, 14.283746, 19.283746, 230
70.283746, 10.938274, 17.283746, 222
62.283746, 9.283746, 12.283746, 204
66.283746, 11.283746, 14.283746, 212
69.283746, 12.283746, 16.283746, 219
67.283746, 10.283746, 19.283746, 227
64.283746, 7.283746, 15.283746, 210
62.283746, 14.283746, 18.283746, 225
70.283746, 12.283746, 17.283746, 220
66.283746, 10.283746, 13.283746, 209
65.283746, 13.283746, 14.283746, 215
68.283746, 11.283746, 18.283746, 223
64.283746, 7.283746, 19.283746, 211
69.283746, 9.283746, 17.283746, 218
67.283746, 15.283746, 16.283746, 224
62.283746, 12.283746, 13.283746, 207
65.283746, 10.283746, 18.283746, 215
68.283746, 13.283746, 19.283746, 229
63.283746, 7.283746, 16.283746, 206
64.283746, 10.283746, 17.283746, 210
70.283746, 12.283746, 15.283746, 218
66.283746, 9.283746, 14.283746, 213
67.283746, 11.283746, 19.283746, 220
62.283746, 13.283746, 12.283746, 209
65.283746, 10.283746, 18.283746, 214
69.283746, 14.283746, 16.283746, 225
63.283746, 7.283746, 19.283746, 212
70.283746, 11.283746, 13.283746, 221
66.283746, 15.283746, 17.283746, 230
68.283746, 9.283746, 16.283746, 214
65.283746, 12.283746, 14.283746, 211
63.283746, 10.283746, 19.283746, 219
67.283746, 14.283746, 18.283746, 228
62.283746, 8.283746, 13.283746, 207
64.283746, 12.283746, 15.283746, 213
69.283746, 10.283746, 17.283746, 220
66.283746, 14.283746, 16.283746, 225
63.283746, 11.283746, 14.283746, 210
70.283746, 12.283746, 19.283746, 229
65.283746, 9.283746, 17.283746, 215
67.283746, 14.283746, 12.283746, 220
64.283746, 11.283746, 19.283746, 228
69.283746, 10.283746, 18.283746, 225
66.283746, 9.283746, 13.283746, 213
62.283746, 7.283746, 16.283746, 208
65.283746, 12.283746, 14.283746, 217
68.283746, 13.283746, 19.283746, 230
64.283746, 8.283746, 15.283746, 210
69.283746, 10.283746, 12.283746, 224
67.283746, 9.283746, 14.283746, 221
70.283746, 11.283746, 16.283746, 226
63.283746, 15.283746, 13.283746, 214
66.283746, 12.283746, 18.283746, 229
62.283746, 7.283746, 17.283746, 208
64.283746, 14.283746, 16.283746, 223
67.283746, 10.283746, 19.283746, 227
65.283746, 12.283746, 11.283746, 212
69.283746, 9.283746, 15.283746, 218
70.283746, 14.283746, 17.283746, 229
68.283746, 7.283746, 16.283746, 220
63.283746, 14.283746, 19.283746, 230
65.283746, 12.283746, 15.283746, 222
67.283746, 9.283746, 14.283746, 218
62.283746, 11.283746, 17.283746, 215
66.283746, 10.283746, 18.283746, 225
69.283746, 13.283746, 19.283746, 235
65.283746, 12.283746, 14.283746, 221
70.283746, 9.283746, 13.283746, 213
64.283746, 8.283746, 16.283746, 220
67.283746, 11.283746, 15.283746, 224
63.283746, 10.283746, 17.283746, 228
68.283746, 9.283746, 14.283746, 216
65.283746, 13.283746, 12.283746, 210
70.283746, 10.283746, 19.283746, 230
66.283746, 12.283746, 13.283746, 212
67.283746, 14.283746, 18.283746, 223
62.283746, 7.283746, 15.283746, 218
69.283746, 11.283746, 17.283746, 227
63.283746, 9.283746, 16.283746, 225
65.283746, 14.283746, 12.283746, 211
66.283746, 8.283746, 19.283746, 229
68.283746, 12.283746, 14.283746, 220
67.283746, 11.283746, 18.283746, 226
63.283746, 14.283746, 13.283746, 219
69.283746, 9.283746, 15.283746, 223
66.283746, 10.283746, 16.283746, 221
64.283746, 12.283746, 19.283746, 230
68.283746, 7.283746, 14.283746, 214
65.283746, 13.283746, 18.283746, 224
62.283746, 10.283746, 12.283746, 212
67.283746, 8.283746, 19.283746, 228
69.283746, 11.283746, 17.283746, 225
64.283746, 9.283746, 15.283746, 220
63.283746, 13.283746, 18.283746, 226
70.283746, 7.283746, 16.283746, 223
65.283746, 12.283746, 17.283746, 227
66.283746, 14.283746, 13.283746, 215
69.283746, 9.283746, 18.283746, 229
67.283746, 10.283746, 16.283746, 221
63.283746, 11.283746, 14.283746, 218
66.283746, 8.283746, 12.283746, 210
68.283746, 14.283746, 17.283746, 225
64.283746, 9.283746, 19.283746, 230
69.283746, 12.283746, 16.283746, 223
67.283746, 10.283746, 18.283746, 222
63.283746, 7.283746, 14.283746, 211
65.283746, 11.283746, 12.283746, 213
62.283746, 10.283746, 19.283746, 229
64.283746, 12.283746, 17.283746, 224
69.283746, 14.283746, 15.283746, 220
66.283746, 9.283746, 14.283746, 212
67.283746, 8.283746, 16.283746, 217
65.283746, 10.283746, 19.283746, 225
70.283746, 12.283746, 18.283746, 228
66.283746, 9.283746, 13.283746, 213
62.283746, 7.283746, 15.283746, 219
65.283746, 14.283746, 16.283746, 223
67.283746, 10.283746, 18.283746, 224
63.283746, 12.283746, 13.283746, 220
68.283746, 11.283746, 16.283746, 226
70.283746, 9.283746, 17.283746, 229
66.283746, 14.283746, 19.283746, 231
64.283746, 7.283746, 14.283746, 212
68.183745, 9.183745, 14.183745, 218
65.183745, 10.183745, 16.183745, 221
67.183745, 12.183745, 18.183745, 226
63.183745, 11.183745, 15.183745, 219
69.183745, 8.183745, 19.183745, 227
66.183745, 14.183745, 17.183745, 224
64.183745, 7.183745, 13.183745, 213
62.183745, 10.183745, 14.183745, 216
68.183745, 12.183745, 19.183745, 230
63.183745, 11.183745, 16.183745, 222
66.183745, 13.183745, 18.183745, 229
69.183745, 9.183745, 15.183745, 223
67.183745, 8.183745, 14.183745, 215
65.183745, 10.183745, 17.183745, 225
68.183745, 7.183745, 12.183745, 211
66.183745, 11.183745, 13.183745, 218
64.183745, 9.183745, 19.183745, 230
62.183745, 13.183745, 18.183745, 227
67.183745, 14.183745, 15.183745, 224
69.183745, 12.183745, 17.183745, 229
63.183745, 11.183745, 13.183745, 214
65.183745, 8.183745, 16.183745, 221
66.183745, 10.183745, 14.183745, 219
64.183745, 9.183745, 18.183745, 228
68.183745, 7.183745, 15.183745, 222
67.183745, 13.183745, 12.183745, 210
69.183745, 11.183745, 19.183745, 231
63.183745, 10.183745, 16.183745, 225
68.183745, 14.183745, 15.183745, 223
66.183745, 12.183745, 18.183745, 227
62.183745, 9.183745, 13.183745, 212
65.183745, 8.183745, 19.183745, 229
67.183745, 10.183745, 17.183745, 224
69.183745, 13.183745, 14.183745, 216
64.183745, 11.183745, 15.183745, 220
68.183745, 7.183745, 19.183745, 228
65.183745, 12.183745, 13.183745, 218
66.183745, 8.183745, 18.183745, 229
63.183745, 14.183745, 17.183745, 226
67.183745, 11.183745, 16.183745, 223
62.183745, 10.183745, 12.183745, 214
69.183745, 9.183745, 18.183745, 227
66.183745, 13.183745, 15.183745, 219
68.183745, 14.183745, 13.183745, 216
65.183745, 11.183745, 19.183745, 230
64.183745, 7.183745, 16.183745, 222
67.183745, 8.183745, 14.183745, 215
63.183745, 12.183745, 13.183745, 210
69.183745, 10.183745, 17.183745, 224
68.183745, 9.183745, 15.183745, 218
66.183745, 13.183745, 12.183745, 213
62.183745, 14.183745, 19.183745, 231
64.183745, 7.183745, 18.183745, 228
69.183745, 11.183745, 16.183745, 222
67.183745, 8.183745, 14.183745, 217
65.183745, 12.183745, 17.183745, 226
68.183745, 10.183745, 13.183745, 211
63.183745, 9.183745, 19.183745, 229
66.183745, 14.183745, 15.183745, 220
64.183745, 11.183745, 14.183745, 218
62.183745, 13.183745, 12.183745, 210
69.183745, 7.183745, 18.183745, 227
65.183745, 10.183745, 17.183745, 225
67.183745, 8.183745, 15.183745, 215
64.124543, 11.372914, 13.782155, 221
65.983746, 10.912874, 17.132654, 219
63.876125, 12.673489, 16.218764, 224
66.238472, 9.682135, 14.983214, 217
68.572135, 8.123567, 18.012478, 230
62.721354, 13.482314, 12.791231, 212
67.283479, 11.983472, 15.891723, 226
69.135642, 7.592134, 16.273465, 228
66.347189, 12.874325, 17.123478, 223
64.572341, 10.982134, 13.572431, 218
68.134825, 9.183472, 12.283478, 214
63.812374, 11.092143, 18.782134, 229
67.983471, 13.572134, 15.238472, 221
69.248371, 12.312987, 17.098123, 225
62.187234, 7.582314, 13.287134, 213
65.237498, 8.912487, 16.127834, 220
66.198473, 10.412398, 15.672134, 218
63.374982, 11.278341, 14.213472, 216
67.124512, 9.278341, 12.982341, 215
68.472983, 13.478134, 18.782134, 230
65.912387, 12.728134, 17.092348, 224
69.371284, 7.982134, 13.481239, 219
62.983124, 10.284137, 12.571283, 211
64.873219, 8.672341, 14.982134, 217
68.312874, 11.982134, 16.872134, 229
67.783124, 9.134872, 15.982134, 226
63.982134, 13.247831, 17.134982, 221
66.134872, 12.582134, 18.782134, 227
65.783124, 7.983721, 14.237134, 214
69.142873, 10.378124, 16.892134, 222
67.238472, 8.678132, 13.872134, 216
66.872134, 12.982134, 15.478132, 223
62.472831, 11.238472, 17.982134, 231
68.912341, 9.487123, 12.378124, 213
64.278134, 10.891231, 16.982134, 224
69.342187, 13.782134, 15.218734, 228
63.127834, 8.137243, 18.678132, 229
66.872134, 12.981231, 14.572834, 222
65.371284, 11.437821, 12.871234, 218
67.124578, 9.781234, 13.678124, 215
68.981234, 7.672134, 17.812134, 226
63.872134, 13.478134, 15.982134, 220
69.182134, 10.378124, 16.672134, 228
67.872134, 8.472134, 12.781234, 212
65.982134, 11.928134, 18.371234, 231
62.187234, 9.128134, 15.371284, 217
66.912134, 12.981234, 14.783134, 222
63.712834, 10.347823, 16.578134, 219
68.134782, 8.983472, 12.482134, 214
64.918234, 11.472134, 17.892134, 227
67.371284, 7.128134, 13.482134, 211
66.178134, 13.372134, 18.812134, 230
69.182134, 9.981234, 15.572134, 225
65.283471, 10.187231, 16.478132, 221
62.487123, 8.928134, 12.781234, 215
68.913472, 12.789134, 18.891234, 229
64.972134, 11.783134, 15.678134, 223
63.781234, 7.382134, 17.981234, 230
66.371284, 10.123478, 12.478123, 213
69.472134, 8.913472, 16.178134, 218
65.783134, 12.478134, 15.982134, 224
67.271834, 11.927134, 13.871234, 219
63.183134, 9.371284, 14.481234, 222
66.913472, 10.789134, 18.671234, 227
68.134527, 12.914527, 16.237814, 225
65.917284, 10.374528, 14.812394, 220
62.472138, 13.571824, 17.912473, 229
69.134781, 8.478134, 12.728471, 216
67.238174, 9.132847, 13.984213, 214
64.781234, 10.347182, 16.578214, 221
66.198327, 12.892374, 15.147823, 223
63.481237, 8.782134, 17.892134, 227
65.914827, 11.237481, 13.481237, 219
62.124371, 13.874231, 15.783214, 228
69.813471, 9.347182, 12.974213, 217
67.237849, 11.487213, 14.678134, 224
63.478134, 12.972834, 18.782134, 230
68.912378, 7.437218, 15.182134, 213
66.134782, 9.781324, 17.371284, 226
62.391248, 13.492173, 14.817238, 219
64.183472, 10.781324, 16.871234, 223
67.912471, 8.912834, 12.574382, 215
65.487321, 13.237184, 18.671234, 229
68.374912, 10.581237, 17.892134, 228
63.192347, 11.472834, 13.978234, 218
66.217349, 12.374129, 15.281734, 222
64.387214, 9.847123, 16.718234, 224
69.213478, 8.127834, 12.487214, 214
67.892134, 12.372134, 18.971234, 230
62.348912, 11.574238, 14.682137, 218
68.487213, 9.234781, 15.182134, 220
65.982134, 10.781324, 17.892134, 229
66.137284, 12.982314, 13.784123, 224
63.174812, 8.372148, 12.871234, 213
69.238472, 13.478123, 16.271834, 227
67.128341, 11.892134, 18.782134, 231
64.917234, 9.782134, 14.371284, 221
68.374219, 12.712348, 15.782134, 228
65.238472, 10.578214, 13.871234, 218
63.712341, 9.478123, 16.671234, 224
66.874123, 8.574128, 12.237481, 216
69.781324, 13.372134, 18.891234, 230
67.912834, 11.478214, 15.182134, 219
62.138472, 10.871234, 16.471234, 225
64.237841, 12.347128, 13.472134, 223
66.812374, 8.981237, 12.781324, 217
69.128341, 11.487231, 14.237481, 220
68.237481, 13.781324, 15.871234, 229
67.817234, 9.472314, 17.284713, 227
63.482134, 12.783214, 18.671234, 231
65.914723, 10.347128, 14.872134, 224
69.238471, 8.178234, 16.971234, 228
66.487123, 11.572134, 13.982134, 220
68.472138, 10.982134, 12.478214, 213
63.912487, 13.372128, 17.871234, 226
65.872134, 9.478213, 18.782134, 230
62.238471, 12.578213, 14.871324, 222
69.812374, 10.137824, 16.781234, 223
67.913472, 7.374182, 13.471234, 217
63.472134, 12.981234, 12.871234, 215
69.782314, 8.127834, 15.678214, 219
68.471234, 10.912834, 17.892134, 229
64.138472, 13.271834, 16.782134, 228
67.487123, 11.347823, 12.478213, 214
66.374128, 9.781324, 14.987213, 216
65.487213, 10.578214, 18.781234, 231
63.128341, 12.374182, 13.871234, 224
68.374123, 9.847213, 15.781234, 221
66.971234, 8.982134, 12.671234, 213
62.213478, 13.278134, 17.278134, 226
69.812374, 11.478214, 14.472134, 225
64.481237, 10.387214, 16.912134, 223
67.138472, 12.814372, 18.671234, 231
65.478213, 8.781324, 13.478214, 219
68.237813, 12.987124, 14.712348, 223
66.148237, 10.345781, 17.891234, 225
63.781234, 8.471234, 15.378412, 215
65.234712, 13.478123, 16.894123, 227
69.714812, 11.237481, 14.891234, 229
62.478123, 10.918234, 17.273419, 221
68.134812, 9.482134, 12.891234, 218
64.874123, 12.873412, 15.472134, 224
65.782134, 8.791324, 13.671234, 219
67.234781, 10.137812, 17.823472, 226
66.127834, 11.478214, 16.912834, 228
68.971238, 13.571823, 12.178231, 215
63.847213, 9.784123, 15.347182, 222
65.872134, 10.987234, 18.237481, 230
69.237128, 8.372814, 13.912481, 217
62.471234, 12.374812, 15.871238, 224
66.891237, 9.578213, 14.872134, 221
68.478213, 11.128347, 12.871238, 219
63.234812, 10.478123, 16.738124, 223
67.124781, 12.487123, 15.892374, 227
69.481237, 13.348213, 17.124871, 229
66.234781, 8.784123, 13.472134, 216
65.478123, 12.471234, 14.918234, 222
62.134781, 10.871234, 18.478213, 231
67.914812, 11.478214, 16.712837, 226
68.234781, 13.127834, 15.781234, 228
63.487213, 8.672138, 14.218134, 216
65.237481, 12.847213, 17.871234, 230
69.128341, 10.571234, 13.478214, 218
66.712348, 11.912834, 16.273148, 225
62.471234, 9.781324, 12.471234, 213
68.847213, 12.873214, 18.712384, 232
64.123874, 10.347182, 13.784123, 221
67.287134, 9.714823, 17.213478, 227
66.814237, 13.127834, 15.981234, 228
68.912347, 11.237481, 12.478123, 217
65.237481, 10.837412, 16.387124, 224
63.472138, 12.128347, 15.912734, 231
67.918234, 9.347812, 14.871234, 220
66.481237, 13.574123, 18.372184, 229
64.124871, 11.471238, 12.781234, 216
68.571234, 8.784123, 14.378412, 218
69.371234, 13.478123, 17.891234, 230
67.482138, 10.378241, 13.178234, 219
62.138472, 12.981237, 15.678124, 225
66.237481, 11.128347, 12.671238, 217
68.412347, 9.874123, 16.912837, 224
69.178234, 12.718234, 18.273481, 231
63.487123, 10.372481, 15.128347, 223
65.128374, 9.571238, 14.871234, 218
67.814237, 13.871234, 16.278134, 229
62.471234, 11.237481, 13.718231, 215
66.238481, 12.874123, 17.182347, 226
68.718234, 10.347812, 15.274138, 222
69.127834, 9.781324, 14.817234, 219
67.891237, 13.478123, 12.472134, 213
68.347813, 12.481237, 17.812348, 230
66.912834, 10.374823, 16.418237, 224
65.873412, 9.912834, 13.781324, 216
62.347812, 13.812347, 12.871324, 217
68.127834, 11.478214, 14.912837, 222
67.418237, 8.127834, 18.728134, 231
64.128347, 12.374812, 15.874123, 225
69.871234, 10.387124, 13.478214, 221
63.781324, 9.478123, 14.218134, 216
65.471234, 12.981237, 17.182347, 228
66.487213, 10.137481, 12.712348, 218
68.127834, 13.578124, 15.172134, 225
69.871234, 11.871234, 17.872134, 232
63.781234, 10.871234, 14.347123, 220
68.347812, 12.478123, 16.987213, 226
67.487123, 9.178234, 15.873481, 223
64.127834, 11.847213, 13.718234, 216
66.912347, 8.137481, 17.347812, 225
68.781234, 10.912734, 14.981234, 221
62.487123, 13.847812, 12.347812, 214
67.134781, 11.137812, 16.137481, 222
65.347812, 12.237481, 15.987213, 227
68.128347, 9.712348, 13.781234, 218
66.847213, 10.471234, 12.847213, 219
64.912734, 12.371238, 14.127834, 225
69.781234, 11.347812, 17.891237, 230
67.238481, 10.127834, 15.374812, 222
66.187234, 8.378123, 13.478123, 215
63.847213, 12.873481, 17.781324, 228
68.128347, 10.471234, 14.781237, 221
64.987213, 11.347812, 12.478123, 216
67.718234, 9.237481, 15.874123, 224
65.127834, 13.347812, 14.218134, 218
62.478123, 10.873481, 13.478124, 215
66.348712, 11.712348, 18.478123, 229
69.712348, 8.471234, 12.718234, 216
63.127834, 12.478123, 17.387124, 224
67.712348, 10.912834, 14.218134, 220
68.134812, 9.178234, 13.871234, 218
65.478123, 11.237481, 12.347812, 213
66.912348, 12.478123, 15.872134, 227
69.847213, 10.134781, 17.418237, 232
67.478123, 8.347812, 13.874123, 217
63.781324, 13.478214, 15.128347, 225
68.127834, 10.987213, 14.987213, 222
66.134781, 11.134781, 12.478124, 215
65.912834, 12.371234, 18.127834, 228
67.874213, 9.471238, 14.912834, 221
68.781234, 8.237481, 15.287134, 223
64.237481, 12.478134, 13.471238, 217
65.712348, 11.871234, 16.371234, 226
69.134781, 10.127834, 17.234781, 230
66.478123, 9.987213, 13.478213, 219
67.478123, 12.134781, 12.237481, 218
64.128347, 10.478123, 18.127834, 225
69.347812, 11.347812, 15.478213, 227
68.487213, 13.478123, 17.128347, 231
65.237481, 12.478213, 14.478123, 220
66.781234, 10.781234, 13.871234, 217
62.478123, 8.987213, 16.127834, 215
63.487123, 11.234781, 17.371238, 228
68.127834, 9.478213, 14.847213, 221
69.237481, 10.478213, 15.478123, 223
67.127834, 13.712348, 12.847213, 218
68.478123, 12.128347, 16.478213, 225
64.987213, 10.478213, 17.478123, 229
66.874123, 11.347812, 12.378123, 219
68.123481, 9.781324, 18.478213, 232
67.837214, 11.387421, 13.142873, 218
65.948312, 9.134872, 15.872134, 224
63.781234, 12.481234, 17.127483, 229
68.478213, 8.187234, 14.947812, 220
66.478124, 10.347812, 16.478213, 226
64.127834, 12.127834, 15.128347, 224
69.847213, 9.478123, 12.837214, 217
65.134781, 11.478123, 13.478213, 220
68.712348, 12.134781, 17.478213, 231
67.478124, 8.871234, 14.871234, 221
62.347812, 10.874123, 13.127834, 218
69.781234, 12.471234, 18.471234, 233
64.712348, 9.237481, 12.847123, 215
66.134781, 11.347812, 16.128347, 225
67.871234, 13.487123, 15.478213, 229
68.127834, 10.478213, 14.847213, 220
66.478123, 8.847213, 13.478123, 218
65.987213, 11.347812, 15.127834, 223
63.847213, 12.837214, 17.987123, 230
68.712348, 10.478123, 14.127834, 221
69.478123, 11.371238, 13.987213, 224
66.871234, 9.478213, 16.871234, 228
67.712348, 13.471234, 12.347812, 216
65.127834, 12.478213, 17.128347, 230
69.837214, 8.478123, 14.837214, 223
63.478123, 11.478123, 15.478123, 226
68.127834, 12.347812, 17.478123, 232
66.478213, 10.371238, 13.847213, 220
64.837214, 9.127834, 16.478213, 228
65.478213, 12.837214, 14.478123, 222
68.127834, 11.478213, 12.837214, 217
66.478213, 9.478123, 15.478213, 224
69.871234, 10.847213, 14.478213, 230
63.712348, 8.478213, 13.478123, 215
68.134781, 12.478213, 18.478213, 235
67.478123, 10.347812, 15.847213, 223
64.847213, 11.237481, 14.478213, 218
69.478213, 8.478213, 12.478123, 216
65.478213, 12.478123, 17.478213, 229
67.847213, 10.478213, 13.871234, 221
68.478213, 13.478123, 15.478213, 227
63.847213, 12.478123, 17.128347, 231
66.478213, 11.847213, 14.478123, 223
69.712348, 9.478213, 12.478123, 216
64.128347, 10.478123, 15.478123, 221
68.478213, 12.478213, 16.478213, 228
67.478213, 8.478213, 14.478213, 220
65.478213, 11.478213, 12.478123, 217
69.871234, 13.478123, 18.478213, 234
66.478213, 10.478213, 15.478213, 222
64.837214, 9.478213, 14.478213, 219
68.478213, 11.478213, 12.478123, 218
67.478213, 12.478213, 16.478213, 230


